Eastside Department Store,"Racing Socks, L"
Riding Cycles,"Racing Socks, L"
Sports Products Store,"Racing Socks, L"
Essential Bike Works,"Racing Socks, L"
The Bicycle Accessories Company,"Racing Socks, L"
Remarkable Bike Store,"Racing Socks, L"
Bulk Discount Store,"Racing Socks, L"
Thrifty Parts and Sales,"Racing Socks, M"
Sports Products Store,"Racing Socks, M"
The Bicycle Accessories Company,"Racing Socks, M"
Remarkable Bike Store,"Racing Socks, M"
Bulk Discount Store,"Racing Socks, M"
